{"bboxes": {"circoscrizioni": {"I": [13.349828443628837, 38.10782863791931, 13.377618697510151, 38.125649855038354], "III": [13.314436770978014, 38.05021866369334, 13.388490379816922, 38.110464529406045], "II": [13.366064071221205, 38.058810537198205, 13.452709026978463, 38.11587923359122], "IV": [13.24237567017696, 38.07004445348245, 13.361920695086393, 38.12395689342297], "V": [13.248228274624832, 38.111643790864164, 13.351979128214296, 38.14519265223723], "VIII": [13.329392870778003, 38.1192593949062, 13.380331131432722, 38.18654580015412], "VI": [13.254744422431749, 38.13186224527528, 13.355046424345424, 38.17702807141013], "VII": [13.258496872714165, 38.14607549589597, 13.376641593580816, 38.224684482166474]}, "quartieri": {"Tribunali-Castellammare": [13.357838859220296, 38.11001182191905, 13.377618697510151, 38.125649855038354], "Palazzo Reale - Monte di Pietà": [13.349828443628837, 38.10782863791931, 13.365072376781084, 38.12113687780947], "Oreto- Stazione": [13.355200496516403, 38.090337243953684, 13.381358927648265, 38.11587923359122], "S. Rosalia - Montegrappa": [13.336181445794217, 38.089665951354725, 13.361920695086393, 38.10875242942659], "Cuba-Calatafimi": [13.3294640547226, 38.10033941853511, 13.354252000277866, 38.11465821202816], "Zisa": [13.328722890870356, 38.111643790864164, 13.351979128214296, 38.12271616126266], "Politeama": [13.341427682568701, 38.1192593949062, 13.369992725889698, 38.13513978242372], "Noce": [13.328716437378374, 38.11881954072724, 13.346164004640416, 38.128771163319634], "Malaspina -Palagonia": [13.329392870778003, 38.124894922707995, 13.342963851931941, 38.1442065629959], "Libertà": [13.332875703862115, 38.12992597147639, 13.357583083770525, 38.14821484013469], "Settecannoli": [13.37322382230762, 38.08207264017208, 13.452709026978463, 38.11067004638253], "Brancaccio-Ciaculli": [13.372502010672731, 38.058810537198205, 13.434740828599507, 38.1046148250811], "Villagrazia-Falsomiele": [13.314436770978014, 38.05021866369334, 13.388490379816922, 38.09823805250594], "Mezzomonreale -Villa Tasca": [13.301380506687636, 38.07004445348245, 13.344391733464878, 38.10732052682743], "Altarello": [13.314377262996834, 38.10343299993166, 13.33015737352949, 38.1200306245749], "Uditore-Passo Di Rigano": [13.30234342010254, 38.11894802581959, 13.331221245217382, 38.139816053114444], "Boccadifalco": [13.24237567017696, 38.09260859259148, 13.320448970688032, 38.12395689342297], "Borgo Nuovo": [13.248228274624832, 38.11670130673282, 13.306440473600949, 38.14519265223723], "Cruillas - S.Giovanni Apostolo": [13.254744422431749, 38.13186224527528, 13.331373482840334, 38.159690510200114], "Resuttana - S.Lorenzo": [13.255652571421953, 38.141840103196614, 13.355046424345424, 38.17702807141013], "Tommaso Natale - Sferracavallo": [13.258496872714165, 38.16636266690411, 13.312136710187929, 38.21130735564814], "Partanna Mondello": [13.281263216213256, 38.17696629955387, 13.36675761657298, 38.224684482166474], "Pallavicino": [13.304003395902573, 38.16208810511632, 13.34856204094758, 38.18674352959929], "Montepellegrino": [13.337029365706579, 38.12255320515002, 13.380331131432722, 38.18654580015412], "Arenella - Vergine Maria": [13.359822357265628, 38.14607549589597, 13.376641593580816, 38.177534137388065]}, "upl": {"Tribunali o Kalsa": [13.361423597525416, 38.11001182191905, 13.377618697510151, 38.12069513933036], "Castellammare o Loggia": [13.357838859220296, 38.11567179292373, 13.37278542629063, 38.125649855038354], "Monte di Pieà o Seralcadi": [13.350646830010998, 38.11210543176714, 13.361423597525416, 38.12113687780947], "Palazzo Reale o Albergaria": [13.349828443628837, 38.10782863791931, 13.365072376781084, 38.11567179292373], "Oreto Perez": [13.355200496516403, 38.097302079187145, 13.37322382230762, 38.110464529406045], "Corso dei Mille - S.Erasmo": [13.366064071221205, 38.10483473037599, 13.381358927648265, 38.11587923359122], "Oreto Guadagna": [13.361888195740711, 38.090337243953684, 13.378414964417306, 38.10483473037599], "Montegrappa": [13.34800622255098, 38.09701374895588, 13.361920695086393, 38.10875242942659], "S.Rosalia": [13.336181445794217, 38.089665951354725, 13.360885962970997, 38.108591335224006], "Cuba - Calatafimi": [13.3294640547226, 38.10033941853511, 13.354252000277866, 38.11465821202816], "Zisa - Ingastone": [13.336747550681629, 38.111643790864164, 13.351979128214296, 38.11998967132835], "Olivuzza": [13.339355421417885, 38.11641473024991, 13.35097811085346, 38.12271616126266], "Zisa - 4 Camere": [13.328722890870356, 38.11211912923211, 13.34132221579149, 38.11940949169496], "S.Francesco di Paola - Terrasanta": [13.341427682568701, 38.1192593949062, 13.356964978512897, 38.13179834189572], "Noce": [13.328716437378374, 38.11881954072724, 13.339400056026685, 38.12730818377374], "Parlatore - Serradifalco": [13.3366373256487, 38.11998967132835, 13.346164004640416, 38.128771163319634], "Malaspina - Leonardo da Vinci": [13.329392870778003, 38.124894922707995, 13.342963851931941, 38.13204603131962], "Principe di Palagonia": [13.33009540273351, 38.130764770866286, 13.340294752080597, 38.1442065629959], "Notarbartolo - Giardino Inglese": [13.341984817304677, 38.12992597147639, 13.355311152526632, 38.135712390502846], "Marchese di Villabianca - Sampolo": [13.343241240288368, 38.13188087220822, 13.357583083770525, 38.14821484013469], "Villa Sperlinga": [13.337760620640411, 38.13139190079916, 13.35041021555323, 38.141935538083864], "Vittorio Veneto": [13.332875703862115, 38.138525325527354, 13.346116068943141, 38.147841031625816], "Croci - Ruggiero Settimo": [13.34840169495595, 38.120701013093644, 13.360831276384618, 38.13116932764241], "Borgo Vecchio - Principe Scordia": [13.353493580215302, 38.12196879330259, 13.369992725889698, 38.13513978242372], "Settecannoli": [13.37322382230762, 38.09545380735231, 13.395716423386306, 38.11067004638253], "Roccella Acqua dei Corsari": [13.388962191908133, 38.08207264017208, 13.452709026978463, 38.10395393503855], "Ciaculli Croce Verde": [13.384298806307406, 38.058810537198205, 13.434740828599507, 38.08874714793852], "Brancaccio Conte Federico": [13.372502010672731, 38.08728199717084, 13.401510644813293, 38.1046148250811], "Chiavelli - S.Maria di Gesù": [13.342728787128848, 38.061149654272924, 13.388490379816922, 38.092069233529045], "Bonagia": [13.354753944440258, 38.07992392644776, 13.366210272071454, 38.08835740757652], "Falsomiele Borgo Ulivia": [13.344391733464878, 38.08630643636006, 13.374456984949697, 38.09823805250594], "Villagrazia": [13.314436770978014, 38.05021866369334, 13.355066932371605, 38.08997122900882], "Mezzomonreale": [13.301380506687636, 38.07004445348245, 13.344391733464878, 38.106508696515604], "Villa Tasca": [13.33015737352949, 38.095939335644275, 13.339458976969514, 38.10732052682743], "Altarello - Tasca Lanza": [13.314377262996834, 38.10343299993166, 13.33015737352949, 38.1200306245749], "Leonardo da Vinci - Di Blasi": [13.312093613069454, 38.11894802581959, 13.329790615272335, 38.12868813157242], "Boccadifalco - Baida": [13.24237567017696, 38.09260859259148, 13.320448970688032, 38.12395689342297], "Passo di Rigano": [13.30234342010254, 38.1200991176043, 13.319194110739398, 38.13642114673432], "Uditore": [13.31610674263852, 38.126799757587015, 13.331221245217382, 38.139816053114444], "Borgo Nuovo": [13.248228274624832, 38.11670130673282, 13.306440473600949, 38.14519265223723], "San Giovanni Apostolo": [13.295779425795978, 38.13186224527528, 13.314214891657208, 38.14205482295142], "Cruillas": [13.254744422431749, 38.135049858522834, 13.331373482840334, 38.159690510200114], "San Lorenzo": [13.255652571421953, 38.152972999544865, 13.335291635060322, 38.17702807141013], "Resuttana": [13.320323018776412, 38.141840103196614, 13.355046424345424, 38.17069501017643], "Tommaso Natale - Sant'Ambrogio - Cardillo": [13.269469117956666, 38.16636266690411, 13.312136710187929, 38.19580610517972],